Booth ID,Name,Coordinates,Center Coordinates,Description
1,Blocker,"{""start"":{""x"":173,""y"":143.7109375},""end"":{""x"":194.38709677419354,""y"":199.36808035714284}}","(183.6935483871, 171.5395089286)",
2,Booth 1,"{""start"":{""x"":266,""y"":140.7109375},""end"":{""x"":287.38709677419354,""y"":196.36808035714284}}","(276.6935483871, 168.5395089286)",Looking for SWE interns!
3,Booth 2,"{""start"":{""x"":375,""y"":143.7109375},""end"":{""x"":396.38709677419354,""y"":199.36808035714284}}","(385.6935483871, 171.5395089286)",Looking only for Full Time!
4,Blocker,"{""start"":{""x"":467,""y"":139.7109375},""end"":{""x"":488.38709677419354,""y"":195.36808035714284}}","(477.6935483871, 167.5395089286)",
5,Bathroom,"{""start"":{""x"":575,""y"":143.7109375},""end"":{""x"":596.3870967741935,""y"":199.36808035714284}}","(585.6935483871, 171.5395089286)",
,,,,