{
  "venueName": "My Venue",
  "floorplanImageUrl": "/static/uploads/McCamish.jpg",
  "imageWidthPx": 823,
  "imageHeightPx": 728,
  "floorWidthM": 100,
  "floorHeightM": null,
  "pixelsPerGridCell": 50,
  "metersToGridFactor": 2,
  "scale": {
    "primary": 0.12150668286755772,
    "x": 0.12150668286755771,
    "y": 0.12150668286755772
  },
  "beaconIdMapping": {},
  "beaconPositions": {
    "beacon_1": {
      "x": 327,
      "y": 647.78125
    },
    "beacon_2": {
      "x": 314,
      "y": 603.78125
    },
    "beacon_3": {
      "x": 457,
      "y": 613.78125
    },
    "beacon_4": {
      "x": 428,
      "y": 572.78125
    },
    "beacon_5": {
      "x": 523,
      "y": 577.78125
    },
    "beacon_6": {
      "x": 514,
      "y": 533.78125
    },
    "beacon_7": {
      "x": 607,
      "y": 489.78125
    },
    "beacon_8": {
      "x": 556,
      "y": 453.78125
    }
  }
}